Player,Team,Season,Season Type,Games,Fast Break Pts,Points In Paint,Points off TO,2nd Chance PTS,Q1 Points Per Game,Q2 Points Per Game,Q3 Points Per Game,Q4 Points Per Game,Points scored per shot
Giannis Antetokounmpo,Bucks,2017-2018,REG,64,4.66,15.94,4.05,3.05,6.86,6.34,7.72,6.27,1.445
Anthony Davis,Pelicans,2017-2018,REG,59,3.46,14.95,4.22,4.63,8.14,7.12,6.66,5.88,1.438
LeBron James,Cavaliers,2017-2018,REG,68,4.29,14.18,4.04,2.19,7.99,6.19,6.35,6.31,1.42
Ben Simmons,76ers,2017-2018,REG,66,1.82,12.88,2.97,1.68,4.73,3.53,3.83,4.02,1.262
Clint Capela,Rockets,2017-2018,REG,62,0.89,12,1.92,2.66,3.55,3.85,3.65,3.16,1.532
TJ Warren,Suns,2017-2018,REG,64,4.73,12,3.52,2.75,4.66,4.92,5.39,4.72,1.2
Andre Drummond,Pistons,2017-2018,REG,66,1.18,11.82,2.26,5.45,4.21,2.79,4.41,3.48,1.322
Steven Adams,Thunder,2017-2018,REG,64,1.33,11.63,1.77,4.45,5.09,3.22,3.44,1.91,1.482
Julius Randle,Lakers,2017-2018,REG,68,2.71,11.44,2.43,2.81,4.96,3.9,3.41,3.35,1.462
DeMarcus Cousins,Pelicans,2017-2018,REG,46,1.89,11.43,3.39,3.26,6.7,6.39,5.67,6.2,1.398
Dwight Howard,Hornets,2017-2018,REG,69,0.59,11.42,2.23,3.72,5.93,2.84,5.42,2.19,1.481
Enes Kanter,Knicks,2017-2018,REG,64,0.66,11.28,1.61,4.58,5.25,3.17,4.7,0.98,1.41
Russell Westbrook,Thunder,2017-2018,REG,68,5.44,11.26,5.16,2.69,6.29,6.54,6.47,5.63,1.194
LaMarcus Aldridge,Spurs,2017-2018,REG,62,0.68,10.94,3.02,4.47,6.52,5.11,5.92,4.69,1.262
Joel Embiid,76ers,2017-2018,REG,56,0.52,10.43,2.36,3.02,6.59,5.16,6.07,5.43,1.369
Hassan Whiteside,Heat,2017-2018,REG,47,0.13,10.3,2.13,3.94,4.74,3.11,4.26,2.15,1.332
Karl-Anthony Towns,Timberwolves,2017-2018,REG,69,0.71,10.12,3.04,3.86,4.28,6.12,5.17,5.04,1.501
Jrue Holiday,Pelicans,2017-2018,REG,66,2.48,9.94,2.55,1.17,4.97,4.53,5.42,4.26,1.241
Jusuf Nurkic,Trail Blazers,2017-2018,REG,65,0.51,9.91,1.83,2.35,4.65,2.92,3.88,2.62,1.172
Rudy Gobert,Jazz,2017-2018,REG,43,0.67,9.86,1.95,3,3.44,3.93,3.47,2.98,1.688
DeAndre Jordan,Clippers,2017-2018,REG,62,1.4,9.68,1.77,3.76,3.97,2.84,3.19,2.05,1.619
Blake Griffin,"Clippers, Pistons",2017-2018,REG,52,1.27,9.65,3.27,2.27,6.73,5.21,6,3.67,1.243
James Harden,Rockets,2017-2018,REG,60,2.12,9.13,5.05,1.82,9.47,7.3,8.5,5.65,1.524
Taj Gibson,Timberwolves,2017-2018,REG,69,0.67,8.87,1.99,2.74,4.75,2.74,3.3,1.62,1.36
Elfrid Payton,"Magic, Suns",2017-2018,REG,58,2.53,8.86,1.72,1.1,4.07,2.47,3.95,2.66,1.217
Robin Lopez,Bulls,2017-2018,REG,61,0.23,8.85,1.2,1.84,5.38,2.08,3.61,0.75,1.178
Victor Oladipo,Pacers,2017-2018,REG,63,4.7,8.73,4.75,1.51,6.17,4.59,7.03,5.49,1.282
Willie Cauley-Stein,Kings,2017-2018,REG,60,1.13,8.6,1.87,1.58,3.38,3.07,2.77,3.3,1.188
DeMar DeRozan,Raptors,2017-2018,REG,68,2.16,8.56,3.84,1.56,6.72,4.47,7.82,4.32,1.319
Kyrie Irving,Celtics,2017-2018,REG,60,2.08,8.53,2.4,1.85,6.85,5.42,6.38,5.47,1.349
Nikola Vucevic,Magic,2017-2018,REG,46,1.35,8.48,2.33,2.04,5.8,3.3,5.63,2.41,1.176
Jimmy Butler,Timberwolves,2017-2018,REG,56,2.38,8.46,3.88,2.09,5.14,5.05,5.14,6.43,1.409
Tyreke Evans,Grizzlies,2017-2018,REG,50,3.2,8.4,3,1.2,4.28,5.34,4.42,5.3,1.25
Derrick Favors,Jazz,2017-2018,REG,65,0.6,8.4,1.75,2.48,3.65,2.69,3.15,2.54,1.337
Montrezl Harrell,Clippers,2017-2018,REG,61,2.15,8.26,1.72,1.51,1.28,4.3,1.21,3.52,1.557
Jonas Valanciunas,Raptors,2017-2018,REG,64,0.25,8.16,0.98,2.52,4.58,2.78,3.97,1.02,1.417
Andrew Wiggins,Timberwolves,2017-2018,REG,69,1.88,8.03,3.07,1.93,5.99,3.06,5.78,2.93,1.126
Michael Beasley,Knicks,2017-2018,REG,62,0.74,7.97,1.5,1.53,2.5,3.65,2.48,3.87,1.206
Dennis Schroder,Hawks,2017-2018,REG,64,1.53,7.94,3.56,0.88,4.83,5.09,5.3,3.88,1.128
Donovan Mitchell,Jazz,2017-2018,REG,66,2.21,7.94,2.88,1.67,4.3,3.97,5.27,6.11,1.19
John Wall,Wizards,2017-2018,REG,37,3.3,7.89,3.62,1.59,5.32,4,5.65,4.05,1.187
Greg Monroe,"Bucks, Suns, Celtics",2017-2018,REG,37,0.3,7.89,1.46,2.19,2.38,2.86,2.62,1.84,1.388
Zach Randolph,Kings,2017-2018,REG,57,0.39,7.82,1.6,2.61,4.79,3.19,5.02,1.72,1.134
Brandon Ingram,Lakers,2017-2018,REG,57,2.51,7.82,2.35,1.93,4.49,3.65,4.89,2.96,1.242
Kevin Durant,Warriors,2017-2018,REG,59,4.49,7.8,3.88,1.98,7.76,6.31,7.93,4.37,1.482
Goran Dragic,Heat,2017-2018,REG,64,2.25,7.63,3.16,0.92,5.14,4.31,4.45,3.36,1.193
John Collins,Hawks,2017-2018,REG,63,0.94,7.59,2.11,2.32,2.54,2.13,3.1,2.7,1.436
Nikola Jokic,Nuggets,2017-2018,REG,62,0.79,7.58,1.92,2.82,4.42,4.42,5.27,3.05,1.389
Domantas Sabonis,Pacers,2017-2018,REG,66,0.77,7.58,1.74,1.71,2.76,3.47,2.12,3.3,1.315
Bradley Beal,Wizards,2017-2018,REG,69,2.52,7.57,3.65,1.65,5.74,5,7.28,5.07,1.255
Harrison Barnes,Mavericks,2017-2018,REG,66,0.89,7.55,2.26,1.47,5.12,4.38,5.39,3.62,1.211
Damian Lillard,Trail Blazers,2017-2018,REG,61,2.07,7.48,3.64,1.92,6.64,5.52,8.36,6.18,1.396
Thaddeus Young,Pacers,2017-2018,REG,69,1.36,7.42,2.28,1.94,3.65,3.14,2.8,2.04,1.1
Rondae Hollis-Jefferson,Nets,2017-2018,REG,54,1.8,7.26,1.54,1.41,3.3,4.02,3.72,2.98,1.303
Aaron Gordon,Magic,2017-2018,REG,47,2.77,7.23,2.66,2.28,6.28,3.36,5.91,2.66,1.219
Tobias Harris,"Pistons, Clippers",2017-2018,REG,65,1.82,7.11,2.95,1.32,7.15,2.8,5.91,2.82,1.235
Kristaps Porzingis,Knicks,2017-2018,REG,48,1.17,7.04,2.88,1.71,7.1,4.9,5.23,5.04,1.224
Eric Bledsoe,"Suns, Bucks",2017-2018,REG,60,3,6.97,3.6,1.35,4.05,4.48,4.38,4.17,1.283
John Henson,Bucks,2017-2018,REG,63,0.41,6.95,1.05,1.76,2.44,2.44,2.63,1.27,1.35
Lou Williams,Clippers,2017-2018,REG,66,2.7,6.88,2.8,1.61,3.89,6.11,5.61,7.35,1.35
Paul Millsap,Nuggets,2017-2018,REG,25,0.76,6.88,1.92,1.72,4.68,3.12,4.04,2.16,1.232
Kyle Kuzma,Lakers,2017-2018,REG,66,2.38,6.85,2.35,1.95,2.71,4.68,3.38,4.58,1.178
Will Barton,Nuggets,2017-2018,REG,68,3.34,6.85,2.74,1.47,3.88,3.81,3.19,3.93,1.215
CJ McCollum,Trail Blazers,2017-2018,REG,67,1.99,6.78,2.84,1.69,5.28,4.81,5.75,5.79,1.181
Austin Rivers,Clippers,2017-2018,REG,47,1.19,6.77,1.98,0.96,4.32,3.77,3.96,3.45,1.159
Larry Nance Jr.,"Lakers, Cavaliers",2017-2018,REG,55,1.2,6.76,1.76,2.13,2.11,2.71,2.38,2.05,1.431
Gary Harris,Nuggets,2017-2018,REG,65,3.15,6.74,3.4,1.75,5.48,3.83,5.35,2.95,1.291
Devin Booker,Suns,2017-2018,REG,54,3.43,6.7,2.57,1.8,6.41,6.24,6.5,5.78,1.276
Jonathon Simmons,Magic,2017-2018,REG,68,1.93,6.62,2,1.57,3.34,2.59,4.54,3.46,1.272
Malcolm Brogdon,Bucks,2017-2018,REG,46,1.7,6.61,1.93,0.89,2.8,3.63,2.78,4.04,1.247
Dennis Smith Jr.,Mavericks,2017-2018,REG,59,2.78,6.51,2.46,1.17,3.78,3.49,3.78,3.66,1.02
Reggie Jackson,Pistons,2017-2018,REG,33,1.24,6.42,2.27,0.85,4.39,3.64,2.76,3.85,1.19
Evan Fournier,Magic,2017-2018,REG,57,1.96,6.42,2.88,1.02,6.35,2.93,5.09,3.25,1.263
Zach LaVine,Bulls,2017-2018,REG,24,2.5,6.33,2.5,1.5,3.08,4.88,4.63,4.13,1.13
Tyrone Wallace,Clippers,2017-2018,REG,21,2.67,6.29,1.95,0.9,3.33,1.57,3.19,2,1.269
Jarrett Allen,Nets,2017-2018,REG,58,0.47,6.24,1.03,1.72,1.97,1.76,2.19,2.05,1.455
Jeff Teague,Timberwolves,2017-2018,REG,58,1.33,6.24,2.31,0.48,3.76,2.93,4.81,2.02,1.232
Jaylen Brown,Celtics,2017-2018,REG,61,2.05,6.2,2.89,1.84,5.36,2.07,4.57,1.98,1.244
Mason Plumlee,Nuggets,2017-2018,REG,61,0.57,6.16,1.1,1.3,2.02,1.64,2.49,1.38,1.404
Marcin Gortat,Wizards,2017-2018,REG,69,0.33,6.12,0.84,1.23,3.09,1.3,3.04,0.78,1.215
Ish Smith,Pistons,2017-2018,REG,68,1.43,6.09,1.62,0.57,2.25,2.99,2.72,2.63,1.089
Kris Dunn,Bulls,2017-2018,REG,52,1.5,6.08,2.17,1.19,3.79,2.35,3.56,3.56,1.05
Bobby Portis,Bulls,2017-2018,REG,59,1.05,6.07,2.02,2.59,2.12,4.58,1.9,4.59,1.204
E'Twaun Moore,Pelicans,2017-2018,REG,66,2.2,6.06,2.14,1.2,3.55,3.39,3,2.58,1.216
Kemba Walker,Hornets,2017-2018,REG,67,2.6,6.06,3.36,1.37,5.24,6.06,5.58,5.7,1.293
Josh Jackson,Suns,2017-2018,REG,67,2.19,6.06,2,1.45,2.79,3.36,2.45,3.13,1.081
Jeremy Lin,Nets,2017-2018,REG,1,2,6,6,0,2,7,7,2,1.5
Dante Exum,Jazz,2017-2018,REG,1,0,6,0,0,1,2,3,4,1.429
Tim Hardaway Jr.,Knicks,2017-2018,REG,47,2.3,5.91,3.15,1.79,4.11,4.91,4.68,3.49,1.15
Kosta Koufos,Kings,2017-2018,REG,64,0.16,5.91,0.66,1.41,1.47,2.27,1.45,1.38,1.221
Marc Gasol,Grizzlies,2017-2018,REG,64,0.48,5.91,2.44,1.72,5.38,4.06,4.77,3.55,1.22
Dwyane Wade,"Cavaliers, Heat",2017-2018,REG,58,1.12,5.9,1.6,1.16,2.16,4.1,1.91,3.38,1.159
Paul George,Thunder,2017-2018,REG,67,2.63,5.85,3.36,1.7,6.66,4.66,6.1,4.33,1.294
Jordan Clarkson,"Lakers, Cavaliers",2017-2018,REG,67,1.99,5.85,2.09,1.52,2.34,4.85,2.49,4.45,1.18
Mike Conley,Grizzlies,2017-2018,REG,12,1.67,5.83,1.92,0.75,3.75,4.17,3.42,5.75,1.22
Jakob Poeltl,Raptors,2017-2018,REG,68,0.49,5.82,1.24,2.09,1.38,2.1,1.21,2.04,1.445
Michael Kidd-Gilchrist,Hornets,2017-2018,REG,61,1.52,5.8,1.74,0.98,3.11,1.69,3.39,1.23,1.222
Brook Lopez,Lakers,2017-2018,REG,60,0.83,5.77,0.93,1.45,4.78,2.47,4.18,1.23,1.187
Al Horford,Celtics,2017-2018,REG,61,0.57,5.77,1.72,1.08,3.48,2.2,4.25,2.92,1.242
Jamal Murray,Nuggets,2017-2018,REG,68,2.15,5.76,2.54,1.99,4.59,2.82,5.13,3.79,1.293
Draymond Green,Warriors,2017-2018,REG,57,2.04,5.72,1.75,1.11,2.74,2.51,3.25,2.91,1.26
D'Angelo Russell,Nets,2017-2018,REG,34,1.56,5.65,1.74,1.38,4.15,3.74,3.97,4.21,1.144
Caris LeVert,Nets,2017-2018,REG,58,1.78,5.62,2.22,1.36,2.55,3.53,2.5,3.34,1.169
Dwight Powell,Mavericks,2017-2018,REG,67,0.48,5.61,0.97,1.55,1.4,2.93,1.48,2.55,1.556
James Johnson,Heat,2017-2018,REG,61,0.57,5.61,1.67,0.79,2.51,2.16,2.56,2.82,1.255
Kevin Love,Cavaliers,2017-2018,REG,48,0.9,5.58,2.48,2.35,6.23,3.96,5.71,1.83,1.424
Dion Waiters,Heat,2017-2018,REG,30,0.97,5.53,2.1,1.1,4.4,3,3.3,3.37,1.046
Stephen Curry,Warriors,2017-2018,REG,48,4.38,5.46,4.13,1.44,8.13,5.69,9.85,2.92,1.567
De'Aaron Fox,Kings,2017-2018,REG,60,2.18,5.43,1.67,0.58,2.88,2.77,2.77,3.03,1.081
Eric Gordon,Rockets,2017-2018,REG,59,2.07,5.39,2.32,1.69,4.1,5.1,4.85,4.39,1.283
Dario Saric,76ers,2017-2018,REG,66,1.18,5.36,2.44,2.02,4.17,3.92,4.35,2.61,1.305
Jeff Green,Cavaliers,2017-2018,REG,65,1.52,5.35,1.74,1.08,1.65,3.95,1.91,3,1.35
Pascal Siakam,Raptors,2017-2018,REG,67,1.72,5.34,1.73,0.91,0.91,2.24,1.42,2.43,1.169
Alex Len,Suns,2017-2018,REG,60,0.25,5.33,0.97,2.33,1.7,1.6,1.98,2.55,1.561
JaMychal Green,Grizzlies,2017-2018,REG,47,1.34,5.32,1.72,2.34,2.66,2.83,2.91,2.09,1.168
Tristan Thompson,Cavaliers,2017-2018,REG,42,0.74,5.29,0.55,1.5,2.31,1.43,1.48,1.07,1.354
Rudy Gay,Spurs,2017-2018,REG,44,1.02,5.23,1.39,1.84,2.7,2.52,2.98,2.93,1.222
Lauri Markkanen,Bulls,2017-2018,REG,60,1.5,5.23,1.82,1.55,4.12,3.23,4.52,2.68,1.163
Tyson Chandler,Suns,2017-2018,REG,46,0.67,5.22,0.72,2.35,2.04,1.78,1.85,0.85,1.604
Avery Bradley,"Pistons, Clippers",2017-2018,REG,46,1.83,5.13,2.78,1.52,4.48,3.2,4,2.59,1.05
Tyler Zeller,"Nets, Bucks",2017-2018,REG,55,0.38,5.13,0.75,1.35,2.04,1.4,2.25,1.05,1.302
Jeremy Lamb,Hornets,2017-2018,REG,68,1.24,5.12,1.82,1.51,2.31,3.88,2.38,4.56,1.242
Kawhi Leonard,Spurs,2017-2018,REG,9,2.67,5.11,3.56,1.22,3.22,7.33,4,1.67,1.315
Skal Labissiere,Kings,2017-2018,REG,51,0.39,5.1,1.02,1.69,2.49,1.82,1.92,2.25,1.18
Khris Middleton,Bucks,2017-2018,REG,68,2.29,5.09,3.43,1.22,5.6,4.13,5.07,4.97,1.292
Dejounte Murray,Spurs,2017-2018,REG,68,1.43,5.09,1.51,1.07,1.35,1.59,2.38,2.5,1.07
Tony Parker,Spurs,2017-2018,REG,42,1.24,5,1.24,0.24,2.88,2.29,1.71,1.95,1.117
Jameel Warney,Mavericks,2017-2018,REG,2,0,5,0,3,0,1,1,4.5,1.182
Jerami Grant,Thunder,2017-2018,REG,69,0.83,4.93,1.81,1.01,1.55,2.71,0.96,2.96,1.431
Otto Porter Jr.,Wizards,2017-2018,REG,65,1.94,4.92,2.85,2.05,4.8,3.52,4.4,2.06,1.274
David Nwaba,Bulls,2017-2018,REG,56,1.79,4.89,1.54,1.32,1.45,1.95,1.55,2.61,1.476
Kyle Anderson,Spurs,2017-2018,REG,61,0.84,4.85,1.16,1.31,1.72,1.97,2.26,2.11,1.316
Jabari Parker,Bucks,2017-2018,REG,17,1.06,4.82,1.53,1.18,3.82,3.06,2.41,1.82,1.277
Dewayne Dedmon,Hawks,2017-2018,REG,50,0.7,4.8,1.36,1.58,2.7,2.22,2.58,2.12,1.336
Derrick Rose,"Cavaliers, Timberwolves",2017-2018,REG,18,1.17,4.78,1.11,0.56,2.67,3,1.94,1.22,1.144
Nene,Rockets,2017-2018,REG,47,0.36,4.77,0.81,0.89,2.74,1.57,1.72,0.7,1.454
Pau Gasol,Spurs,2017-2018,REG,64,0.58,4.75,1.56,1.63,3.5,2.59,2.75,1.67,1.253
Jayson Tatum,Celtics,2017-2018,REG,68,1.93,4.74,2.32,1.09,3.1,3.13,3.32,3.75,1.33
Bojan Bogdanovic,Pacers,2017-2018,REG,68,3.24,4.74,2.51,1.26,3.76,3.03,4.16,3.04,1.336
Jahlil Okafor,"76ers, Nets",2017-2018,REG,25,0.24,4.72,0.64,1.24,0.92,2.36,0.56,2.2,1.248
Bam Adebayo,Heat,2017-2018,REG,59,0.49,4.71,0.85,1.27,1.64,1.81,1.51,2.02,1.441
Wilson Chandler,Nuggets,2017-2018,REG,62,1.18,4.71,1.74,1.29,2.47,2.82,3.16,1.5,1.164
Trey Lyles,Nuggets,2017-2018,REG,63,0.62,4.7,1.54,1.17,1.75,2.87,1.84,3.9,1.322
Richaun Holmes,76ers,2017-2018,REG,34,0.47,4.65,0.97,1.21,1.24,1.71,1.29,1.62,1.199
Trevor Booker,"Nets, 76ers, Pacers",2017-2018,REG,56,0.79,4.61,1.07,1.54,1.93,1.71,1.13,1.59,1.254
Rajon Rondo,Pelicans,2017-2018,REG,53,1.3,4.6,1.04,0.32,3.04,1.83,1.83,1.19,1.104
Chris Paul,Rockets,2017-2018,REG,50,1.66,4.6,2.68,1.28,3.62,5,4.68,5.06,1.364
Kelly Olynyk,Heat,2017-2018,REG,63,0.7,4.57,1.43,1.49,2.17,2.79,2.02,3.76,1.348
Serge Ibaka,Raptors,2017-2018,REG,63,1.22,4.54,1.63,1.38,4.71,3.02,3.86,1.05,1.229
DeMarre Carroll,Nets,2017-2018,REG,63,1.62,4.54,2.02,2,3.76,3.13,3.9,2.59,1.234
Kyle O'Quinn,Knicks,2017-2018,REG,67,0.3,4.51,1.16,1.52,1.33,1.96,1.57,2.15,1.466
Ed Davis,Trail Blazers,2017-2018,REG,68,0.22,4.5,0.78,2.31,1.03,1.93,1.24,1.38,1.43
Taurean Prince,Hawks,2017-2018,REG,69,1.54,4.46,1.99,1.17,3.62,2.75,3.57,3.17,1.173
Al Jefferson,Pacers,2017-2018,REG,31,0.13,4.45,0.94,0.87,1.39,2.68,1.65,1.26,1.207
Kenneth Faried,Nuggets,2017-2018,REG,32,0.97,4.44,0.97,1.34,0.75,3.09,1.03,0.94,1.27
Nikola Mirotic,"Bulls, Pelicans",2017-2018,REG,42,1.9,4.43,1.9,1.9,2.81,4.29,3.48,4.71,1.268
Cody Zeller,Hornets,2017-2018,REG,33,0.36,4.42,1.24,1.52,0.85,2.61,0.97,2.64,1.513
Mike James,"Suns, Pelicans",2017-2018,REG,36,0.89,4.39,1.97,0.47,1.64,2.36,2.11,3.22,1.05
Myles Turner,Pacers,2017-2018,REG,53,0.68,4.38,1.75,1.66,4.58,3,4.23,1.72,1.36
Patrick Beverley,Clippers,2017-2018,REG,11,1.64,4.36,1.91,1.09,3.36,2.64,3.82,2.36,1.126
Markieff Morris,Wizards,2017-2018,REG,60,0.77,4.33,1.08,1.33,4.25,1.95,3.5,1.7,1.244
Dillon Brooks,Grizzlies,2017-2018,REG,68,1.79,4.32,1.74,0.78,3,1.91,2.54,2.47,1.146
Isaiah Thomas,"Cavaliers, Lakers",2017-2018,REG,29,2.55,4.28,2.48,1.79,3.34,3.86,4.48,4,1.179
Zaza Pachulia,Warriors,2017-2018,REG,55,0.78,4.25,0.51,0.78,2.89,0.33,2.36,0.35,1.519
David West,Warriors,2017-2018,REG,57,0.67,4.25,0.68,1.04,0.07,3.93,0.07,3.05,1.37
Delon Wright,Raptors,2017-2018,REG,55,1.8,4.22,1.78,0.95,0.69,2.69,1.22,3.42,1.311
Spencer Dinwiddie,Nets,2017-2018,REG,67,0.87,4.21,1.69,1.19,2.36,2.67,3.91,3.85,1.186
Josh Richardson,Heat,2017-2018,REG,68,1.19,4.21,1.76,0.87,3.6,3.04,2.84,3.62,1.198
J.J. Barea,Mavericks,2017-2018,REG,63,1.33,4.19,2.1,0.84,2.32,3.63,2.13,3.33,1.148
Frank Kaminsky,Hornets,2017-2018,REG,66,0.59,4.18,1.71,1,1.89,4.29,1.55,3.26,1.192
Jordan Bell,Warriors,2017-2018,REG,41,1.05,4.15,0.88,0.93,1.54,1.05,1.54,0.9,1.504
Deyonta Davis,Grizzlies,2017-2018,REG,48,0.81,4.13,0.92,1.31,1.19,1.52,1.23,1.5,1.403
Klay Thompson,Warriors,2017-2018,REG,64,3.83,4.06,2.64,1.23,5.14,5.22,4.52,4.95,1.24
Andre Roberson,Thunder,2017-2018,REG,39,1.1,4.05,1.15,1.1,1.56,0.82,1.74,0.79,1.198
Rodney Hood,"Jazz, Cavaliers",2017-2018,REG,51,1.18,4.04,2.1,0.75,2.9,4.41,4.45,3.37,1.161
Bismack Biyombo,Magic,2017-2018,REG,69,0.23,4.03,0.59,1.36,1.55,1.42,1.06,1.54,1.338
Boban Marjanovic,"Pistons, Clippers",2017-2018,REG,25,0.08,4,0.6,1.56,0.72,2.04,0.72,2.52,1.485
Jack Cooley,Kings,2017-2018,REG,2,0,4,1,1,0,1,0,4,1.429
Danilo Gallinari,Clippers,2017-2018,REG,19,1.42,4,2,1.37,5.11,4.16,3.53,3.16,1.257
Brandan Wright,"Grizzlies, Rockets",2017-2018,REG,28,0.79,4,0.79,1.07,1.21,1.68,1.11,0.96,1.363
Emeka Okafor,Pelicans,2017-2018,REG,14,0.79,4,0.86,1.21,2.14,0.57,3,0.5,1.318
Markelle Fultz,76ers,2017-2018,REG,4,0.5,4,0,1,1.5,1.25,1.75,1.5,0.889
Kelly Oubre Jr.,Wizards,2017-2018,REG,68,1.76,4,2.32,1.93,2.44,3.66,1.54,4.04,1.243
Ersan Ilyasova,"Hawks, 76ers",2017-2018,REG,54,0.91,3.96,1.76,2.22,3.07,2.7,2.24,2.59,1.238
Kent Bazemore,Hawks,2017-2018,REG,65,1.97,3.88,3.08,1.12,2.82,2.77,3.6,3.68,1.237
Miles Plumlee,Hawks,2017-2018,REG,46,0.22,3.87,0.72,0.93,1.39,0.83,1.3,0.87,1.303
Lonzo Ball,Lakers,2017-2018,REG,46,1.37,3.87,1.83,1.17,2.33,2.65,3.3,1.74,0.944
Justise Winslow,Heat,2017-2018,REG,55,0.71,3.82,1.29,0.85,1.53,2.24,1.71,1.71,1.085
Tyler Johnson,Heat,2017-2018,REG,59,1.39,3.8,2.05,0.75,3.37,2.75,3.44,2.46,1.197
Tony Allen,Pelicans,2017-2018,REG,20,1.15,3.8,1,0.9,0.7,1.5,0.8,2.15,1.179
Thabo Sefolosha,Jazz,2017-2018,REG,38,1.34,3.79,2.13,0.58,1.39,2.66,1.76,2.39,1.3
Omri Casspi,Warriors,2017-2018,REG,51,1.04,3.76,1.33,0.82,1.04,1.47,1.14,2.12,1.462
Isaiah Whitehead,Nets,2017-2018,REG,16,0.44,3.75,0.19,0.69,1,1.38,1.56,2.31,1.163
Joffrey Lauvergne,Spurs,2017-2018,REG,47,0.17,3.74,0.66,1.09,0.74,0.85,1.36,1.55,1.198
T.J. McConnell,76ers,2017-2018,REG,61,0.7,3.74,0.87,0.62,2.07,1.31,1.92,1.52,1.14
Mario Hezonja,Magic,2017-2018,REG,62,1.56,3.71,1.58,0.58,1.98,1.95,1.89,3.13,1.173
Manu Ginobili,Spurs,2017-2018,REG,53,0.75,3.7,1.72,0.64,1.98,2.55,2.47,1.92,1.225
Kyle Lowry,Raptors,2017-2018,REG,65,2.92,3.69,2.06,1.2,4.31,4.09,4.77,3.06,1.34
Lance Stephenson,Pacers,2017-2018,REG,69,1.16,3.68,1.43,1.1,1.59,2.97,1.14,3.46,1.08
Emmanuel Mudiay,"Nuggets, Knicks",2017-2018,REG,55,1.22,3.64,1.18,0.62,1.82,2.71,1.55,2.93,1.076
Cameron Payne,Bulls,2017-2018,REG,11,1.82,3.64,2.09,1.09,0.91,2.73,0.73,3.73,1.072
Courtney Lee,Knicks,2017-2018,REG,67,1.7,3.64,2.48,0.7,4.1,2.91,3.57,1.84,1.218
Jarell Martin,Grizzlies,2017-2018,REG,63,1.21,3.59,1.51,1.29,1.83,2.27,1.84,1.57,1.165
Reggie Bullock,Pistons,2017-2018,REG,52,1.46,3.58,1.96,1.13,3.52,3.1,2.98,1.25,1.288
Willie Reed,"Clippers, Pistons",2017-2018,REG,42,0.19,3.57,0.71,1,0.9,1.55,1.14,1.05,1.612
Darren Collison,Pacers,2017-2018,REG,56,2.66,3.57,2.82,0.95,3.91,2.36,4.59,1.86,1.359
JaVale McGee,Warriors,2017-2018,REG,50,0.74,3.56,0.72,0.54,2.1,0.14,1.54,0.86,1.506
Joe Harris,Nets,2017-2018,REG,66,1.33,3.55,1.44,1.23,2.21,2.85,2.47,2.76,1.308
Troy Williams,"Rockets, Knicks",2017-2018,REG,13,1.23,3.54,1.46,0.77,0.38,1.62,1.15,2.77,1.222
Kentavious Caldwell-Pope,Lakers,2017-2018,REG,60,3,3.43,2.58,1.52,3.63,2.85,4.18,2.8,1.245
Kobi Simmons,Grizzlies,2017-2018,REG,21,1.33,3.43,1.29,0.29,1.62,1.29,1.43,1.14,0.991
Aron Baynes,Celtics,2017-2018,REG,67,0.03,3.43,0.48,1.4,2.22,1.01,1.67,0.81,1.101
Luc Mbah a Moute,Rockets,2017-2018,REG,51,1.45,3.41,1.24,0.63,2.16,1.75,1.75,2.02,1.348
Nerlens Noel,Mavericks,2017-2018,REG,23,0.09,3.39,1,0.65,1.57,0.96,1.26,0.57,1.205
Ian Mahinmi,Wizards,2017-2018,REG,66,0.14,3.39,0.52,1.52,1.29,1.39,0.55,1.52,1.542
Bogdan Bogdanovic,Kings,2017-2018,REG,66,0.98,3.36,1.97,0.74,2.74,3.27,2.95,2.65,1.211
Andrew Harrison,Grizzlies,2017-2018,REG,52,1.17,3.35,1.35,0.63,1.88,2.19,2.62,2.56,1.259
Carmelo Anthony,Thunder,2017-2018,REG,66,1.89,3.33,2.8,2.55,5.06,4.14,4.97,2.58,1.088
Marcus Smart,Celtics,2017-2018,REG,54,0.5,3.3,1.44,1,2.11,2.85,2.7,2.48,1.068
Dwight Buycks,Pistons,2017-2018,REG,25,1.04,3.28,1.72,0.24,1.08,2.12,1.56,3.6,1.124
Amir Johnson,76ers,2017-2018,REG,61,0.26,3.28,0.66,0.97,1.43,1.1,1.28,0.66,1.34
Shaquille Harrison,Suns,2017-2018,REG,11,1,3.27,1,0.36,0.73,1,1.09,2.09,1.227
Cristiano Felicio,Bulls,2017-2018,REG,42,0.29,3.24,0.88,0.74,0.64,1.14,0.4,2.19,1.449
Ricky Rubio,Jazz,2017-2018,REG,65,0.97,3.23,1.82,0.66,3.52,3.14,2.95,2.55,1.157
Marcus Morris,Celtics,2017-2018,REG,44,0.89,3.23,1.84,1.68,2.86,3.68,3.16,2.93,1.164
Buddy Hield,Kings,2017-2018,REG,67,2.04,3.22,2.51,1.15,2.18,3.96,1.88,4.54,1.127
Isaiah Taylor,Hawks,2017-2018,REG,54,1.06,3.19,1,0.5,1.28,1.22,0.85,2.13,1.184
Alec Burks,Jazz,2017-2018,REG,59,0.9,3.19,1.51,0.69,1.68,1.95,1.63,2.78,1.194
Fred VanVleet,Raptors,2017-2018,REG,65,1.51,3.17,1.51,0.52,0.57,3.15,0.85,3.57,1.184
Mike Scott,Wizards,2017-2018,REG,64,0.36,3.16,1.23,0.88,1.53,3.61,0.95,2.58,1.306
Jae Crowder,"Cavaliers, Jazz",2017-2018,REG,67,0.9,3.16,1.63,1.16,2.96,2.18,2.73,1.64,1.186
James Ennis III,"Grizzlies, Pistons",2017-2018,REG,59,1.76,3.15,2.08,1.25,1.53,2.17,2.07,1.63,1.38
JaKarr Sampson,Kings,2017-2018,REG,14,0.29,3.14,1.29,1.07,1.07,1.07,0.86,1.43,1.476
Tomas Satoransky,Wizards,2017-2018,REG,60,1,3.13,1.13,0.87,1.58,1.88,1.58,1.92,1.416
Jordan Mickey,Heat,2017-2018,REG,20,0.2,3.1,0.45,0.85,0.5,1.65,0.7,1.15,1.127
George Hill,"Kings, Cavaliers",2017-2018,REG,57,1.21,3.09,1.39,0.86,2.81,2.33,3.44,1.65,1.316
Tarik Black,Rockets,2017-2018,REG,42,0.05,3.05,0.45,0.76,1.29,0.6,0.62,1,1.385
Cheick Diallo,Pelicans,2017-2018,REG,37,0.51,3.03,0.65,0.81,0.81,1.35,0.49,1.68,1.333
Sam Dekker,Clippers,2017-2018,REG,60,0.98,3.03,0.67,0.48,0.53,1.48,0.43,1.67,1.113
Jarrett Jack,Knicks,2017-2018,REG,57,0.6,3.02,0.79,0.53,2.58,1.74,1.72,1.47,1.046
Damion Lee,Hawks,2017-2018,REG,2,0.5,3,3,2,0,7,1,5.5,1.688
Jaylen Morris,Hawks,2017-2018,REG,6,0.67,3,0.5,0.67,0.67,1.17,1.83,1,0.903
Devin Harris,"Mavericks, Nuggets",2017-2018,REG,58,1.31,3,1.31,0.29,1.38,3.19,1.71,1.91,1.305
Jon Leuer,Pistons,2017-2018,REG,8,1,3,1.5,0.75,1.88,1,1.25,1.25,1.194
Frank Mason,Kings,2017-2018,REG,41,0.95,2.98,1.27,0.76,1.32,2.24,0.93,3.2,1.115
Maurice Harkless,Trail Blazers,2017-2018,REG,54,0.67,2.96,1.02,1.15,1.56,1.43,1.2,1.5,1.218
DeAndre' Bembry,Hawks,2017-2018,REG,21,1.05,2.95,1.19,0.62,1.19,1.19,1.24,1.29,1.02
Shelvin Mack,Magic,2017-2018,REG,56,1,2.93,1.13,0.8,0.63,2.54,0.63,2.41,1.188
Marquese Chriss,Suns,2017-2018,REG,62,0.82,2.9,1,0.95,1.79,1.69,1.94,1.34,1.117
Marvin Williams,Hornets,2017-2018,REG,65,0.95,2.89,1.37,1.12,3.6,1.66,3.22,0.86,1.308
Salah Mejri,Mavericks,2017-2018,REG,56,0.36,2.89,0.52,0.91,1.05,1.05,0.82,0.59,1.576
Trevor Ariza,Rockets,2017-2018,REG,55,2.91,2.87,2.51,1.02,3.71,2.76,2.98,2.44,1.235
Daniel Theis,Celtics,2017-2018,REG,63,0.16,2.86,0.48,1.16,0.75,2.02,0.81,1.68,1.421
Timofey Mozgov,Nets,2017-2018,REG,28,0.18,2.86,0.36,0.86,0.5,1.64,1.14,0.75,1.329
Wesley Matthews,Mavericks,2017-2018,REG,63,1.29,2.86,1.67,1.05,3.44,2.63,4.22,2.4,1.151
Evan Turner,Trail Blazers,2017-2018,REG,65,0.51,2.86,1.14,0.86,2.74,2.18,1.98,1.15,1.119
Andre Iguodala,Warriors,2017-2018,REG,54,1.46,2.85,0.91,0.5,1.39,1.48,1.26,1.63,1.201
Nicolas Batum,Hornets,2017-2018,REG,55,0.78,2.84,1.85,1.2,4.04,2.27,3.95,1.87,1.138
Robert Covington,76ers,2017-2018,REG,65,1.97,2.83,2.32,1.58,3.18,3.4,3.31,2.6,1.205
Maxi Kleber,Mavericks,2017-2018,REG,58,0.24,2.83,0.69,0.55,1.86,0.98,1.38,0.83,1.181
Mario Chalmers,Grizzlies,2017-2018,REG,56,1.02,2.82,1.64,0.41,1.95,2.23,1.8,1.89,1.119
Isaiah Canaan,"Rockets, Suns",2017-2018,REG,20,1.25,2.8,1.55,0.4,1.35,2.05,2.4,2.8,1.255
Willy Hernangomez,"Knicks, Hornets",2017-2018,REG,35,0.11,2.8,0.54,0.63,0.46,0.57,0.49,1.97,1.298
Doug McDermott,"Knicks, Mavericks",2017-2018,REG,68,0.66,2.79,1.1,1.13,1.38,2.41,1.43,2.4,1.246
Terry Rozier,Celtics,2017-2018,REG,68,1.72,2.79,1.91,1.18,2.03,2.93,2.07,3.62,1.141
Ian Clark,Pelicans,2017-2018,REG,60,1.12,2.77,1,0.37,0.9,2.5,1.12,2.23,1.086
Rodney McGruder,Heat,2017-2018,REG,8,0.75,2.75,1.5,1.25,1.38,0.63,0.25,3.88,1.289
Nemanja Bjelica,Timberwolves,2017-2018,REG,54,0.67,2.74,1.09,0.93,1.19,2.3,1.04,2.26,1.302
Al-Farouq Aminu,Trail Blazers,2017-2018,REG,55,0.75,2.73,1.62,1.16,2.8,1.89,2.87,1.53,1.115
Stanley Johnson,Pistons,2017-2018,REG,55,1.64,2.73,1.36,0.95,2.07,2.09,2.53,1.89,1.093
Monte Morris,Nuggets,2017-2018,REG,3,0.67,2.67,0.67,0,0,0,0.67,2.67,1.667
Shaun Livingston,Warriors,2017-2018,REG,57,1.04,2.67,0.88,0.26,0.61,2.63,0.68,1.6,1.167
Norman Powell,Raptors,2017-2018,REG,58,1.16,2.66,1.22,0.55,0.95,1.98,1,1.86,1.034
Denzel Valentine,Bulls,2017-2018,REG,68,2.01,2.65,1.62,0.46,2.54,2.4,2.38,2.47,1.076
Terrence Ross,Magic,2017-2018,REG,22,0.91,2.64,1.82,0.86,2.32,2.55,1.82,2.32,1.119
Corey Brewer,"Lakers, Thunder",2017-2018,REG,60,1.03,2.63,0.92,0.57,0.85,1.15,1.15,1.18,1.204
Justin Jackson,Kings,2017-2018,REG,55,1.09,2.62,1,0.71,1.87,1.18,1.84,1.49,1.08
C.J. Williams,Clippers,2017-2018,REG,30,1,2.6,0.8,0.73,2.37,1.1,1.43,1.03,1.092
Ivan Rabb,Grizzlies,2017-2018,REG,27,0.37,2.59,0.44,1.07,0.74,1.3,1.26,1.11,1.4
Joe Ingles,Jazz,2017-2018,REG,69,1.38,2.58,1.96,0.51,3.72,2.62,2.97,1.86,1.308
D.J. Augustin,Magic,2017-2018,REG,62,0.95,2.58,1.44,0.65,2.23,3.15,2.19,2.29,1.461
Cory Joseph,Pacers,2017-2018,REG,69,0.94,2.55,1.28,1.04,1.43,2.43,1.42,2.84,1.104
Ben McLemore,Grizzlies,2017-2018,REG,45,1.11,2.53,1.38,0.93,2.09,1.76,1.2,1.98,1.149
Jawun Evans,Clippers,2017-2018,REG,42,0.81,2.52,1.07,0.64,1.43,1.19,0.93,1.88,0.912
Khem Birch,Magic,2017-2018,REG,28,0.07,2.5,0.29,0.86,0.21,1.46,0.25,1.39,1.329
Kevon Looney,Warriors,2017-2018,REG,52,0.33,2.46,0.33,0.79,0.52,0.52,0.96,1.17,1.385
Dante Cunningham,"Pelicans, Nets",2017-2018,REG,61,0.64,2.46,0.93,0.9,1.61,1.67,1.49,0.8,1.181
Mike Muscala,Hawks,2017-2018,REG,40,0.3,2.45,1.15,1.73,0.88,1.88,1.35,2.73,1.332
Josh Hart,Lakers,2017-2018,REG,55,1.76,2.44,1.27,0.69,1.04,1.69,1.67,2.09,1.282
Justin Anderson,76ers,2017-2018,REG,28,0.86,2.43,0.96,0.75,1.21,1.89,1.39,1.21,1.168
Joe Johnson,"Jazz, Rockets",2017-2018,REG,42,0.21,2.43,0.71,0.64,1.33,1.98,1.67,1.88,1.029
Trey Burke,Knicks,2017-2018,REG,23,0.7,2.43,1.52,0.52,1.17,3.09,1.65,4.48,1.207
Allen Crabbe,Nets,2017-2018,REG,64,1.23,2.41,1.86,1.05,3.88,2.53,3.48,2.58,1.141
Josh Gray,Suns,2017-2018,REG,5,0,2.4,0.4,1,2.6,1.4,0,2.4,0.78
Walter Lemon Jr.,Pelicans,2017-2018,REG,5,0.8,2.4,0.4,0,1,1,0,1.4,1.063
Shabazz Muhammad,"Timberwolves, Bucks",2017-2018,REG,35,0.77,2.4,0.77,0.66,0.06,2,0.31,1.4,1.015
Xavier Rathan-Mayes,Grizzlies,2017-2018,REG,5,0.8,2.4,0.2,0,1,1,0.6,3.2,0.69
Jonas Jerebko,Jazz,2017-2018,REG,61,0.75,2.39,1.3,0.85,1.64,1.16,1.7,1.41,1.249
Tyler Ulis,Suns,2017-2018,REG,59,0.66,2.34,0.83,0.44,1.68,1.64,1.76,1.68,0.957
OG Anunoby,Raptors,2017-2018,REG,60,0.93,2.33,1.22,0.72,1.92,1.3,1.88,0.8,1.233
Ante Zizic,Cavaliers,2017-2018,REG,22,0,2.27,0.36,0.86,0.5,0.64,0.23,1.27,1.611
Raul Neto,Jazz,2017-2018,REG,39,0.46,2.26,0.87,0.41,0.64,1.31,0.87,1.77,1.218
Jerryd Bayless,76ers,2017-2018,REG,39,0.82,2.26,0.97,1.31,2,2.23,1.62,2.03,1.172
Jonathan Isaac,Magic,2017-2018,REG,23,0.52,2.26,1.04,0.61,0.96,1.26,1.22,1.35,0.973
Chandler Parsons,Grizzlies,2017-2018,REG,32,0.75,2.25,1.16,0.69,2.81,2.22,1.88,0.94,1.207
Ramon Sessions,"Knicks, Wizards",2017-2018,REG,18,0.33,2.22,0.72,0.44,0.83,0.67,1.28,1.89,1.012
Yogi Ferrell,Mavericks,2017-2018,REG,68,1.22,2.21,1.71,1.15,2.43,2.12,2,3.49,1.179
Patrick McCaw,Warriors,2017-2018,REG,50,0.64,2.2,0.98,0.46,0.62,0.94,0.78,1.42,1.081
Tyus Jones,Timberwolves,2017-2018,REG,69,1.14,2.2,1.14,0.17,0.93,1.74,0.86,1.51,1.266
Noah Vonleh,"Trail Blazers, Bulls",2017-2018,REG,45,0.09,2.18,0.4,0.96,0.91,0.98,1,1.33,1.151
Raymond Felton,Thunder,2017-2018,REG,70,0.31,2.17,1.07,0.47,0.87,2.46,1.1,2.59,1.034
Jerian Grant,Bulls,2017-2018,REG,60,0.78,2.17,0.83,0.52,1.68,1.95,2.08,2.43,1.272
Wayne Selden,Grizzlies,2017-2018,REG,26,1.38,2.15,1.19,0.58,1.5,2.27,1.27,2.35,1.11
Ivica Zubac,Lakers,2017-2018,REG,29,0.21,2.14,0.28,1.1,0.83,0.66,0.03,1.62,1.358
Danny Green,Spurs,2017-2018,REG,57,1.3,2.11,1.6,0.95,2.02,2.56,2.58,1.56,1.092
Marco Belinelli,"Hawks, 76ers",2017-2018,REG,65,0.63,2.09,1.88,1.15,3.09,2.85,2.62,2.68,1.224
Gorgui Dieng,Timberwolves,2017-2018,REG,66,0.52,2.09,1.02,0.95,1.47,2.18,1.2,1.17,1.21
Torrey Craig,Nuggets,2017-2018,REG,26,0.35,2.08,0.35,1,1.58,0.65,1.35,0.69,1.22
Michael Carter-Williams,Hornets,2017-2018,REG,52,0.35,2.08,0.65,0.42,0.67,1.71,0.52,1.69,1.044
Ekpe Udoh,Jazz,2017-2018,REG,56,0.23,2.04,0.5,0.7,0.36,0.7,0.64,1.11,1.402
Pat Connaughton,Trail Blazers,2017-2018,REG,68,0.31,2.03,0.57,0.47,1.75,1.31,1.22,1.59,1.174
Nick Collison,Thunder,2017-2018,REG,13,0.15,2,0,0.31,0.15,0.15,0.31,1.69,1.579
Justin Holiday,Bulls,2017-2018,REG,59,1.24,2,1.9,0.81,4.54,2.14,3.98,2.15,1.155
Wes Iwundu,Magic,2017-2018,REG,51,0.69,2,0.61,0.45,0.39,1.29,0.49,1.16,1.083
Myke Henry,Grizzlies,2017-2018,REG,15,0.53,2,1.2,0.67,0.93,1.2,1.13,2.13,1.038
Gordon Hayward,Celtics,2017-2018,REG,1,0,2,0,0,2,0,0,0,1
Jordan Crawford,Pelicans,2017-2018,REG,1,0,2,0,0,3,0,2,0,1.25
Danuel House,Suns,2017-2018,REG,16,1.19,2,0.81,0.88,0.88,0.63,1.13,2,1.104
Luol Deng,Lakers,2017-2018,REG,1,2,2,2,0,0,0,2,0,1
Shabazz Napier,Trail Blazers,2017-2018,REG,61,1,2,1.43,0.82,0.97,3.62,1.38,3.23,1.255
Tyler Ennis,Lakers,2017-2018,REG,41,0.44,1.95,0.51,0.12,0.66,0.59,0.88,0.9,0.963
Royce O'Neale,Jazz,2017-2018,REG,56,0.95,1.93,0.96,0.36,0.75,1.38,0.8,1.91,1.189
Zach Collins,Trail Blazers,2017-2018,REG,52,0.08,1.88,0.44,0.6,0.92,1.21,0.65,1.58,1.037
Derrick Jones Jr.,"Suns, Heat",2017-2018,REG,17,0.59,1.88,0.47,1.06,1.06,0.82,0.35,0.76,1.085
Garrett Temple,Kings,2017-2018,REG,62,1,1.87,1.55,0.97,2.23,2,2.42,1.84,1.159
Johnny O'Bryant III,Hornets,2017-2018,REG,36,0.22,1.78,0.69,0.81,0.75,1.86,0.42,1.72,1
Gary Payton II,"Bucks, Lakers",2017-2018,REG,18,0.22,1.78,0.67,0.33,0.5,0.83,0.44,0.44,0.851
Thon Maker,Bucks,2017-2018,REG,66,0.17,1.76,0.97,0.65,1.36,1.3,1.09,1,1.134
Kyle Collinsworth,Mavericks,2017-2018,REG,22,0.23,1.73,0.55,0.36,0.18,0.82,0.41,1.05,1.059
Lucas Nogueira,Raptors,2017-2018,REG,41,0.15,1.71,0.63,0.37,0.46,0.59,0.39,0.98,1.523
Jamal Crawford,Timberwolves,2017-2018,REG,67,0.63,1.7,1.25,0.96,1.55,3.45,1.46,3.69,1.116
Milton Doyle,Nets,2017-2018,REG,6,1.17,1.67,0.33,0,0,0.33,0,2.67,0.72
Jodie Meeks,Wizards,2017-2018,REG,66,0.89,1.67,1.27,0.59,0.53,2.2,0.68,2.98,1.227
Timothe Luwawu-Cabarrot,76ers,2017-2018,REG,52,0.79,1.65,0.73,0.46,1.65,1.37,0.79,1.94,1.12
Ryan Anderson,Rockets,2017-2018,REG,57,0.81,1.65,1.68,1.42,3.12,2.6,2.3,1.96,1.284
Tony Snell,Bucks,2017-2018,REG,61,1.02,1.64,1.36,0.66,2.21,2.11,1.72,1.05,1.237
Gerald Green,Rockets,2017-2018,REG,28,1,1.64,1.29,0.96,2.86,3.11,2.07,3.21,1.165
Glenn Robinson III,Pacers,2017-2018,REG,11,0.27,1.64,0.55,0.91,1.18,0.82,0.82,0.45,1.029
Eric Moreland,Pistons,2017-2018,REG,56,0.09,1.64,0.11,0.46,0.36,0.64,0.21,0.63,1.157
Antonio Blakeney,Bulls,2017-2018,REG,16,1.63,1.63,1.06,0.56,1.19,2.5,0.63,3.13,1.102
Bryn Forbes,Spurs,2017-2018,REG,68,0.91,1.62,1.29,0.53,0.91,2.01,1.76,2.63,1.114
JJ Redick,76ers,2017-2018,REG,56,2.11,1.61,2.32,1.7,3.95,4.57,3.77,4.18,1.346
Sterling Brown,Bucks,2017-2018,REG,43,0.86,1.58,0.95,0.51,1.19,1.14,0.74,1.49,1.114
Alex Caruso,Lakers,2017-2018,REG,28,0.39,1.57,0.46,0.25,0.32,0.86,0.46,1.07,1.134
Channing Frye,"Cavaliers, Lakers",2017-2018,REG,45,0.04,1.56,0.6,0.6,0.47,1.53,1.04,1.73,1.265
Tyler Cavanaugh,Hawks,2017-2018,REG,32,0.22,1.56,0.38,0.84,0.84,1.5,0.91,1.84,1.315
Frank Ntilikina,Knicks,2017-2018,REG,66,0.35,1.55,0.89,0.38,0.89,1.79,0.89,1.83,0.913
Dirk Nowitzki,Mavericks,2017-2018,REG,67,0.72,1.55,1.3,1.36,3.07,3.13,3.01,3.18,1.241
Sindarius Thornwell,Clippers,2017-2018,REG,58,0.78,1.55,0.98,0.29,0.78,0.83,0.83,1.09,1.275
Davis Bertans,Spurs,2017-2018,REG,65,0.94,1.54,1.15,0.48,1.58,1.38,1.42,2.11,1.256
Treveon Graham,Hornets,2017-2018,REG,56,0.64,1.54,1,0.59,0.55,1.5,1.21,1.34,1.246
Johnathan Motley,Mavericks,2017-2018,REG,4,0.5,1.5,0,0.5,0,0,0,2.5,1.667
Georgios Papagiannis,Kings,2017-2018,REG,16,0,1.5,0.13,0.25,0.25,0.63,0.13,1.13,0.829
Caleb Swanigan,Trail Blazers,2017-2018,REG,20,0.1,1.5,0.3,0.6,0.65,0.3,0.3,0.9,0.935
Brice Johnson,"Clippers, Pistons, Grizzlies",2017-2018,REG,16,0.13,1.5,0.5,0.38,0.13,0.13,0.25,1.5,1
Dragan Bender,Suns,2017-2018,REG,70,0.34,1.46,0.79,0.61,1.51,1.51,1.71,1.46,1.102
Luke Kennard,Pistons,2017-2018,REG,59,0.49,1.46,1.29,0.71,0.73,2.37,0.95,2.54,1.161
Patty Mills,Spurs,2017-2018,REG,69,1.13,1.45,1.33,0.45,2.26,2.54,2.39,2.38,1.202
Cedi Osman,Cavaliers,2017-2018,REG,54,0.69,1.44,0.5,0.39,0.78,0.54,0.89,1.39,1.315
Joakim Noah,Knicks,2017-2018,REG,7,0,1.43,0.29,0.43,0,0.29,0,1.43,1.2
Isaiah Hicks,Knicks,2017-2018,REG,7,0,1.43,1.14,0.29,0,1.14,0,1.57,0.95
Sean Kilpatrick,"Nets, Bucks, Clippers",2017-2018,REG,41,0.71,1.41,0.54,0.29,0.49,1.22,0.63,1.95,1.011
Tyler Dorsey,Hawks,2017-2018,REG,43,0.77,1.4,0.81,0.37,0.86,1.07,0.98,2.7,0.996
Andrew Bogut,Lakers,2017-2018,REG,23,0.09,1.39,0.17,0.96,0.35,0.52,0.61,0.09,1.44
Chris McCullough,Wizards,2017-2018,REG,19,0.37,1.37,0.32,0.32,0,0.11,0.21,2.11,1.095
CJ Miles,Raptors,2017-2018,REG,58,0.81,1.34,1.47,1.1,2.62,2.45,1.9,3.36,1.235
TJ Leaf,Pacers,2017-2018,REG,48,0.27,1.33,0.5,0.54,0.29,1.21,0.27,1,1.137
JR Smith,Cavaliers,2017-2018,REG,66,0.95,1.33,1.05,0.61,3.2,1.7,2.39,1.03,1.087
Jason Smith,Wizards,2017-2018,REG,27,0.15,1.33,0.37,0.74,0.07,0.78,0.33,2.22,0.939
Meyers Leonard,Trail Blazers,2017-2018,REG,25,0.08,1.28,0.2,0.56,0.52,1.04,0.48,1.36,1.441
Jameer Nelson,"Pelicans, Pistons",2017-2018,REG,49,0.39,1.27,0.73,0.22,0.98,1.59,0.96,1.41,1.016
Juan Hernangomez,Nuggets,2017-2018,REG,22,0.59,1.27,0.5,0.86,0.86,0.64,0.14,1.68,1.09
Marreese Speights,Magic,2017-2018,REG,49,0.45,1.27,0.69,0.43,1.18,2.31,1.71,2.51,1.149
Malik Beasley,Nuggets,2017-2018,REG,57,0.6,1.26,0.81,0.49,0.46,1.16,0.32,1.32,1.069
Wesley Johnson,Clippers,2017-2018,REG,61,0.74,1.25,0.93,0.66,1.74,1.38,1.31,1.2,1.082
Luke Kornet,Knicks,2017-2018,REG,8,0,1.25,0.5,1.63,1.25,1.38,0.75,0.88,0.81
Milos Teodosic,Clippers,2017-2018,REG,38,0.5,1.21,0.89,0.61,2.29,2.87,1.87,2.13,1.141
PJ Tucker,Rockets,2017-2018,REG,68,0.6,1.21,1.1,0.84,1.13,1.54,1.71,1.32,1.144
Dorian Finney-Smith,Mavericks,2017-2018,REG,10,0.3,1.2,0.7,0.8,1.1,1.4,0.5,0.6,1.161
Daniel Hamilton,Thunder,2017-2018,REG,5,0.4,1.2,1,0,0,0,0.4,2,1.091
Kay Felder,"Bulls, Pistons",2017-2018,REG,15,0,1.2,0.33,0,0.27,2,0.53,0.87,0.809
Jamel Artis,Magic,2017-2018,REG,5,0,1.2,0,0.4,0,0,0,1.8,0.529
Adreian Payne,Magic,2017-2018,REG,5,0,1.2,1,1.2,1,0.4,0,2.8,2.1
Paul Zipser,Bulls,2017-2018,REG,50,0.4,1.2,0.5,0.34,0.44,1.74,0.48,1.22,0.942
Vince Carter,Kings,2017-2018,REG,47,0.47,1.19,0.89,0.4,0.55,2.09,1.15,1.64,1.099
Joe Young,Pacers,2017-2018,REG,49,0.41,1.18,0.57,0.51,0.86,1.12,0.43,1.43,1.133
Dakari Johnson,Thunder,2017-2018,REG,29,0.21,1.17,0.55,0.45,0.66,0.17,0.38,0.69,1.41
Anthony Tolliver,Pistons,2017-2018,REG,65,0.74,1.17,1.32,0.75,1.15,2.51,1.72,2.29,1.404
Quinn Cook,Warriors,2017-2018,REG,19,1,1.16,0.79,0,1.11,0.47,1.21,1,1
Malcolm Delaney,Hawks,2017-2018,REG,54,0.67,1.15,1.15,0.41,1.04,1.65,1.44,2.13,1.186
Andrew White,Hawks,2017-2018,REG,7,0.43,1.14,0.86,0.43,1.14,0.71,2.57,1,1.118
Matthew Dellavedova,Bucks,2017-2018,REG,37,0.32,1.14,0.51,0.27,0.95,0.97,0.78,1.68,1.087
Brandon Paul,Spurs,2017-2018,REG,56,0.41,1.14,0.63,0.27,0.41,0.34,0.57,1.02,1.149
Tim Frazier,Wizards,2017-2018,REG,52,0.4,1.12,0.63,0.27,0.65,1.04,0.71,0.75,1.051
Shane Larkin,Celtics,2017-2018,REG,43,0.49,1.07,0.98,0.16,0.33,1.26,0.4,1.65,1.091
Henry Ellenson,Pistons,2017-2018,REG,28,0.18,1.07,0.68,0.14,0,0.32,0.07,2.04,0.819
Derrick Williams,Lakers,2017-2018,REG,2,0,1,1,0,1,0,0,0,0.5
Nick Young,Warriors,2017-2018,REG,64,1.45,1,0.89,0.44,1.41,1.47,1.47,2.52,1.238
PJ Dozier,Thunder,2017-2018,REG,2,0,1,0,0,0,0,0,1,1
Iman Shumpert,"Cavaliers, Kings",2017-2018,REG,14,0.21,1,0,0.5,1,0.5,0.86,2.07,1.069
Matt Costello,Spurs,2017-2018,REG,4,0,1,0.5,0,0,0,0,1,1
Brandon Jennings,Bucks,2017-2018,REG,2,0,1,1,0,0,5.5,1,2.5,1.5
Malik Monk,Hornets,2017-2018,REG,50,0.52,1,0.72,0.46,0.62,1.44,0.66,2.06,0.885
Vincent Hunter,Grizzlies,2017-2018,REG,4,0,1,0,0.5,0,0,0,1.5,1.2
Richard Jefferson,Nuggets,2017-2018,REG,19,0.11,0.95,0.32,0.21,0.21,0.42,0.11,0.84,1.111
Lance Thomas,Knicks,2017-2018,REG,64,0.41,0.94,0.58,0.44,1.03,0.92,1.22,0.86,1.157
Langston Galloway,Pistons,2017-2018,REG,53,0.34,0.94,1.21,0.34,0.79,2.19,0.55,2.6,1.073
Abdel Nader,Celtics,2017-2018,REG,34,0.29,0.94,0.5,0.82,0.24,0.94,0.18,1.38,1.033
Wayne Ellington,Heat,2017-2018,REG,64,0.94,0.94,1.58,0.69,1.98,4,1.67,3.55,1.227
Jose Calderon,Cavaliers,2017-2018,REG,45,0.31,0.89,0.51,0.13,1.09,0.76,1.16,0.78,1.405
Jeff Withey,Mavericks,2017-2018,REG,9,0.33,0.89,0.56,0.22,0,0,0,1.67,0.938
Quincy Pondexter,Bulls,2017-2018,REG,23,0.43,0.87,0.7,0.26,0.3,0.26,0.3,1.09,0.918
Arron Afflalo,Magic,2017-2018,REG,46,0.3,0.87,0.61,0.24,0.28,1.07,0.41,1.61,1.099
Briante Weber,"Rockets, Grizzlies",2017-2018,REG,14,0.5,0.86,0.64,0.14,0.43,0.64,0.14,0.79,1.167
Damien Wilkins,Pacers,2017-2018,REG,19,0.05,0.84,0.05,0.32,0.21,0.58,0.32,0.63,0.846
Alex Abrines,Thunder,2017-2018,REG,64,0.72,0.84,0.81,0.66,1.27,1.28,0.69,1.5,1.202
Patrick Patterson,Thunder,2017-2018,REG,70,0.41,0.83,0.51,0.36,0.56,1.03,0.63,1.56,1.158
Kyle Singler,Thunder,2017-2018,REG,12,0.25,0.83,0.42,0.17,0.33,0.25,0,1.33,1.095
Georges Niang,Jazz,2017-2018,REG,5,0,0.8,0.4,0,0,0,0,0.8,1
Jamil Wilson,Clippers,2017-2018,REG,15,0.73,0.8,1.2,1,1.67,1,3.73,0.6,1.296
Josh Huestis,Thunder,2017-2018,REG,64,0.3,0.78,0.41,0.59,0.39,0.55,0.7,0.78,0.891
Malcolm Miller,Raptors,2017-2018,REG,13,0,0.77,0.23,0.23,0.54,1.38,0,0.77,1.4
Jalen Jones,"Pelicans, Mavericks",2017-2018,REG,8,0,0.75,0.25,0.25,0,0.63,0,1.38,1.231
Kyle Korver,Cavaliers,2017-2018,REG,68,0.79,0.74,1.43,0.66,0.9,3.18,1.35,3.91,1.388
Terrance Ferguson,Thunder,2017-2018,REG,52,0.69,0.73,0.5,0.23,0.37,0.52,0.65,1.37,1.071
Omer Asik,"Pelicans, Bulls",2017-2018,REG,14,0,0.71,0.21,0.29,0.14,0.29,0.21,0.64,1.125
Dwayne Bacon,Hornets,2017-2018,REG,45,0.18,0.71,0.56,0.2,0.69,0.49,0.71,0.51,0.864
Derrick White,Spurs,2017-2018,REG,17,0.24,0.71,0.47,0.29,0.24,0.53,0.35,2.06,1.636
Damyean Dotson,Knicks,2017-2018,REG,35,0.37,0.69,0.6,0.11,0.06,0.43,0.26,2.11,1.087
Marcus Georges-Hunt,Timberwolves,2017-2018,REG,38,0.24,0.68,0.29,0.16,0,0.26,0.26,0.66,1.071
Larry Drew II,"76ers, Pelicans",2017-2018,REG,3,0,0.67,0,0,0,0,0,0.67,0.286
Joel Bolomboy,Bucks,2017-2018,REG,6,0.33,0.67,0,0.83,0.33,0.33,0,0.83,1.5
Josh Smith,Pelicans,2017-2018,REG,3,0,0.67,0,0.67,0,0,0,0.67,0.5
Lorenzo Brown,Raptors,2017-2018,REG,12,0.17,0.67,0,0,0,0.17,0,1,0.667
Furkan Korkmaz,76ers,2017-2018,REG,6,0.33,0.67,1.17,0.33,0,0.5,0.33,0.67,0.75
Bruno Caboclo,"Raptors, Kings",2017-2018,REG,6,0,0.67,0.5,0.67,0,0,0,1.83,0.647
Okaro White,Heat,2017-2018,REG,6,0.5,0.67,1.17,0.83,1.33,0.17,1.83,0,1.25
Demetrius Jackson,Rockets,2017-2018,REG,12,0,0.67,0.33,0.17,0,0.17,0,0.5,0.571
Tony Bradley,Jazz,2017-2018,REG,9,0,0.67,0,0.44,0,0,0,0.89,0.727
Davon Reed,Suns,2017-2018,REG,12,0.25,0.67,0,0.33,0.25,0,0.5,2,0.892
Darrell Arthur,Nuggets,2017-2018,REG,18,0,0.67,0.28,0.11,0.72,0.89,0.28,0.94,1.133
Malachi Richardson,"Kings, Raptors",2017-2018,REG,26,0.35,0.62,0.85,0.08,0.54,0.96,0.31,1.62,0.989
Luke Babbitt,"Hawks, Heat",2017-2018,REG,46,0.37,0.61,1.09,0.39,1.67,1.15,1.15,1.59,1.255
Alex Poythress,Pacers,2017-2018,REG,23,0.09,0.61,0.09,0,0,0.17,0,0.96,1.083
Quincy Acy,Nets,2017-2018,REG,59,0.24,0.61,0.78,0.36,1.12,1.39,1.64,1.27,1.081
Darius Miller,Pelicans,2017-2018,REG,66,0.89,0.58,0.91,0.18,1.35,2.86,1.33,2.47,1.344
Nik Stauskas,"76ers, Nets",2017-2018,REG,35,0.37,0.57,0.51,0.34,0.66,1.11,0.54,1.74,1.183
D.J. Wilson,Bucks,2017-2018,REG,21,0.19,0.57,0.24,0.19,0,0,0,0.9,1.357
Ron Baker,Knicks,2017-2018,REG,29,0.07,0.55,0.45,0.07,0.41,0.76,0.41,0.86,1.203
Troy Daniels,Suns,2017-2018,REG,69,0.74,0.52,0.9,0.8,1.57,2.86,1.88,2.01,1.214
Nigel Hayes,"Lakers, Raptors",2017-2018,REG,4,0,0.5,0.75,0,0,0,0,2.25,1.8
Jabari Bird,Celtics,2017-2018,REG,4,0.5,0.5,0.5,0.25,0,0,0.75,0.5,1.25
Alec Peters,Suns,2017-2018,REG,12,0.33,0.5,0.25,0.17,0,0,0.25,1.75,0.75
DeAndre Liggins,"Bucks, Pelicans",2017-2018,REG,49,0.37,0.49,0.27,0.18,0.27,0.63,0.27,0.8,1.065
Aaron Brooks,Timberwolves,2017-2018,REG,29,0,0.48,0.21,0.38,0.1,0.55,0.14,1.1,1.078
Alfonzo McKinnie,Raptors,2017-2018,REG,13,0,0.46,0,0,0,0,0,1.46,1.462
Jared Dudley,Suns,2017-2018,REG,39,0.13,0.46,0.59,0.26,0.62,1,0.67,0.82,1.287
Rashad Vaughn,"Bucks, Nets, Magic",2017-2018,REG,28,0.18,0.43,0.46,0.21,0.57,0.86,0.07,0.79,1.143
Jake Layman,Trail Blazers,2017-2018,REG,29,0.17,0.41,0.31,0.24,0,0.07,0.14,0.83,0.682
Mirza Teletovic,Bucks,2017-2018,REG,10,0.3,0.4,0.3,0,2.1,1.5,1.5,2,1.246
James Young,76ers,2017-2018,REG,5,0.4,0.4,0.8,0,1.4,0,1.2,0.4,1.25
Vander Blue,Lakers,2017-2018,REG,5,0,0.4,0.4,0,0,0.2,0,0.4,0.6
Bobby Brown,Rockets,2017-2018,REG,20,0,0.4,0.6,0.15,0.15,0.2,0.3,1.85,0.862
Nate Wolters,Jazz,2017-2018,REG,5,0,0.4,0,0,0,0,0,0.4,0.333
Cole Aldrich,Timberwolves,2017-2018,REG,16,0,0.38,0,0,0,0,0,0.5,0.727
Guerschon Yabusele,Celtics,2017-2018,REG,23,0,0.35,0.13,0.3,0.26,0.74,0.09,0.78,1.265
Semi Ojeleye,Celtics,2017-2018,REG,59,0.27,0.34,0.39,0.29,0.31,0.75,0.29,0.95,0.971
Udonis Haslem,Heat,2017-2018,REG,12,0,0.33,0.25,0,0,0,0,0.58,0.583
Jason Terry,Bucks,2017-2018,REG,37,0.62,0.32,0.78,0.22,0.27,1.38,0.43,0.81,1.077
Ryan Arcidiacono,Bulls,2017-2018,REG,13,0,0.31,0.62,0,0.38,0.23,0,0.54,1.25
Antonius Cleveland,Mavericks,2017-2018,REG,13,0,0.31,0,0.15,0.15,0.15,0,0.46,0.714
Marshall Plumlee,Bucks,2017-2018,REG,7,0.57,0.29,0.86,0.29,0,0.86,0.29,0.86,4.666
Darrun Hilliard,Spurs,2017-2018,REG,14,0.14,0.29,0,0,0.07,0,0.14,0.93,0.842
Travis Wear,Lakers,2017-2018,REG,7,0.29,0.29,0.71,0,0,2.29,0.43,1.71,1.033
Zhou Qi,Rockets,2017-2018,REG,14,0.29,0.29,0,0,0,0,0,1.21,0.708
John Holland,Cavaliers,2017-2018,REG,15,0.27,0.27,0.2,0,0.13,0.27,0.2,1.07,0.833
Kadeem Allen,Celtics,2017-2018,REG,8,0,0.25,0,0,0,0,0,0.63,0.833
London Perrantes,Cavaliers,2017-2018,REG,8,0,0.25,0,0,0,0,0,0.25,0.667
James Webb III,Nets,2017-2018,REG,9,0.33,0.22,0.33,0,0,0.67,0.22,0.67,0.667
Charles Cooke,Pelicans,2017-2018,REG,9,0,0.22,0,0,0,0,0,0.67,0.6
Ike Anigbogu,Pacers,2017-2018,REG,10,0,0.2,0,0.8,0,0,0,1.3,1.444
Thomas Bryant,Lakers,2017-2018,REG,10,0,0.2,0.6,0.2,0,0,0,1.1,1.222
Josh Magette,Hawks,2017-2018,REG,13,0.23,0.15,0.23,0,0.15,0.69,0.38,0.92,1.273
RJ Hunter,Rockets,2017-2018,REG,2,0,0,0,0,0,0,0,0,0
Markel Brown,Rockets,2017-2018,REG,4,0,0,0,0,0,0,0,1.25,0.714
Wade Baldwin IV,Trail Blazers,2017-2018,REG,1,0,0,0,0,0,0,0,1,0
James Michael McAdoo,76ers,2017-2018,REG,3,0,0,0,0,0,0,0,2.67,1.143
Damian Jones,Warriors,2017-2018,REG,5,0,0,0,0,0,0,0,0,0
Ben Moore,Pacers,2017-2018,REG,2,0,0,0,0,0,0,0,0,0
Gian Clavell,Mavericks,2017-2018,REG,7,0,0,0.43,0.43,0,0.43,0,2.43,1.111
Erik McCree,Jazz,2017-2018,REG,4,0,0,0,0,0,0,0,0,0
Xavier Munford,Bucks,2017-2018,REG,6,0,0,0.17,0,0,0.33,0,0.17,0.5
Mangok Mathiang,Hornets,2017-2018,REG,3,0,0,0,0,0,0,0,0,0
Naz Mitrou-Long,Jazz,2017-2018,REG,1,0,0,0,0,0,0,0,3,3
Julyan Stone,Hornets,2017-2018,REG,15,0,0,0.2,0,0.2,0.2,0,0.07,1.75
Tyler Lydon,Nuggets,2017-2018,REG,1,0,0,0,0,0,0,0,0,0
Matt Williams Jr.,Heat,2017-2018,REG,3,0,0,0,0,0,0,0,1.67,0.833
Scotty Hopson,Mavericks,2017-2018,REG,1,1,0,1,0,0,1,0,0,1
Luis Montero,Pistons,2017-2018,REG,2,0,0,0,0,0,0,0,0,0
Nicolas Brussino,Hawks,2017-2018,REG,4,0,0,0,0,0,0,0,0,0
Derrick Walton Jr.,Heat,2017-2018,REG,14,0,0,0,0.43,0.21,1.43,0.14,0.14,1.125
Jarell Eddie,"Celtics, Bulls",2017-2018,REG,3,0,0,0,0,0,0,0,0,0
Reggie Hearn,Pistons,2017-2018,REG,2,0,0,0,0,0,0,0,1.5,3
Mindaugas Kuzminskas,Knicks,2017-2018,REG,1,0,0,0,0,0,0,0,0,0
Trey McKinney-Jones,Pacers,2017-2018,REG,1,0,0,0,0,0,0,0,0,0
Marcus Paige,Hornets,2017-2018,REG,1,0,0,0,0,0,0,0,0,0
Jacob Wiley,Nets,2017-2018,REG,5,0,0,0.6,0,0,0.2,0,0.6,1
Chris Boucher,Warriors,2017-2018,REG,1,0,0,0,0,0,0,0,0,0
Jacob Pullen,76ers,2017-2018,REG,3,0,0,0.67,0,0,0,0,0.67,1
Josh McRoberts,Mavericks,2017-2018,REG,2,0,0,0,0,0,0,0,0,0
Rodney Purvis,Magic,2017-2018,REG,4,0,0,0,0,0,3.75,0,0,1.154
